CHARGE_T05_soc,CHARGE_T05_ocv,CHARGE_T05_r0,CHARGE_T05_r1,CHARGE_T05_r2,CHARGE_T05_r3,CHARGE_T05_c1,CHARGE_T05_c2,CHARGE_T05_c3,CHARGE_T15_soc,CHARGE_T15_ocv,CHARGE_T15_r0,CHARGE_T15_r1,CHARGE_T15_r2,CHARGE_T15_r3,CHARGE_T15_c1,CHARGE_T15_c2,CHARGE_T15_c3,CHARGE_T25_soc,CHARGE_T25_ocv,CHARGE_T25_r0,CHARGE_T25_r1,CHARGE_T25_r2,CHARGE_T25_r3,CHARGE_T25_c1,CHARGE_T25_c2,CHARGE_T25_c3,CHARGE_T35_soc,CHARGE_T35_ocv,CHARGE_T35_r0,CHARGE_T35_r1,CHARGE_T35_r2,CHARGE_T35_r3,CHARGE_T35_c1,CHARGE_T35_c2,CHARGE_T35_c3,CHARGE_T45_soc,CHARGE_T45_ocv,CHARGE_T45_r0,CHARGE_T45_r1,CHARGE_T45_r2,CHARGE_T45_r3,CHARGE_T45_c1,CHARGE_T45_c2,CHARGE_T45_c3,CHARGE_T55_soc,CHARGE_T55_ocv,CHARGE_T55_r0,CHARGE_T55_r1,CHARGE_T55_r2,CHARGE_T55_r3,CHARGE_T55_c1,CHARGE_T55_c2,CHARGE_T55_c3,DISCHARGE_T05_soc,DISCHARGE_T05_ocv,DISCHARGE_T05_r0,DISCHARGE_T05_r1,DISCHARGE_T05_r2,DISCHARGE_T05_r3,DISCHARGE_T05_c1,DISCHARGE_T05_c2,DISCHARGE_T05_c3,DISCHARGE_T15_soc,DISCHARGE_T15_ocv,DISCHARGE_T15_r0,DISCHARGE_T15_r1,DISCHARGE_T15_r2,DISCHARGE_T15_r3,DISCHARGE_T15_c1,DISCHARGE_T15_c2,DISCHARGE_T15_c3,DISCHARGE_T25_soc,DISCHARGE_T25_ocv,DISCHARGE_T25_r0,DISCHARGE_T25_r1,DISCHARGE_T25_r2,DISCHARGE_T25_r3,DISCHARGE_T25_c1,DISCHARGE_T25_c2,DISCHARGE_T25_c3,DISCHARGE_T35_soc,DISCHARGE_T35_ocv,DISCHARGE_T35_r0,DISCHARGE_T35_r1,DISCHARGE_T35_r2,DISCHARGE_T35_r3,DISCHARGE_T35_c1,DISCHARGE_T35_c2,DISCHARGE_T35_c3,DISCHARGE_T45_soc,DISCHARGE_T45_ocv,DISCHARGE_T45_r0,DISCHARGE_T45_r1,DISCHARGE_T45_r2,DISCHARGE_T45_r3,DISCHARGE_T45_c1,DISCHARGE_T45_c2,DISCHARGE_T45_c3,DISCHARGE_T55_soc,DISCHARGE_T55_ocv,DISCHARGE_T55_r0,DISCHARGE_T55_r1,DISCHARGE_T55_r2,DISCHARGE_T55_r3,DISCHARGE_T55_c1,DISCHARGE_T55_c2,DISCHARGE_T55_c3
0.0,2.65574038,0.07413405,0.096945089,0.11065355,0.095849466,71.02325611,683.2300605,7433.269239,0.0,2.627383616,0.057163266,0.083482818,0.086437611,0.084163872,59.40728114,517.9050682,3351.327363,0.0,2.603001563,0.044197354,0.079651692,0.088130892,0.081088254,66.69604328,888.1108364,4819.875965,0.0,2.583663653,0.033341927,0.076830149,0.088994586,0.081136637,67.91616589,834.2493691,4110.497611,0.0,2.568559538,0.024675777,0.08913114,0.091754185,0.09134856,54.95550648,718.2351218,5025.444773,0.0,2.556694367,0.018244995,0.084718277,0.088020634,0.087305529,51.95814044,761.1586734,4239.650336,0.0,2.906120659,0.0494264777163137,0.025108474,0.103963623,0.024492322,448.43254200000007,163.74675789999958,1171952.3343186274,0.0,2.855644278,0.0371308593637964,0.03173169,0.108432936,0.002751326,368.9503343,710.6087778,4304650.980343737,0.0,2.791627323,0.0272418305476016,0.0343523019999999,0.091306062,0.000774464,355.25463679999973,933.1930703,1259296.505,0.0,2.749700343,0.0199108915006625,0.050423801,0.077335015,0.000447163,31.747535590155167,2559.550650199698,40472017.07264192,0.0,2.724065677,0.0147576891906284,0.059973214,0.063207859,0.000379966,-2318.858909800001,1819.1683318689725,4543495.726999171,0.0,2.565993372471633,-0.006871220571951,0.1533302934947904,0.109584605,0.003770119,161.1493481023367,39792.452623410325,2865228.891704734
0.04,3.045839039,0.066504886,0.014374804,0.035717322,0.001666825,478.9878198,2116.671329,427444.3756,0.04,3.045918607,0.050430094,0.017479918,0.008222455,0.011891003,283.7248501,5444.417654,23720.5132,0.04,3.036740625,0.038087688,0.014415964,0.02297653,0.000357048,368.5117786,3406.519575,1094630.469,0.04,3.028538047,0.028206917,0.013423995,0.020549965,0.000264468,388.707622,3612.837188,1261067.635,0.04,3.021084361,0.020709785,0.010101536,0.024872992,0.000561724,484.9012175,2649.503507,817246.1295,0.04,3.014920482,0.015331888,0.011304714,0.021680167,0.000266306,389.3777637,3090.274539,1389923.947,0.04,3.04599421,0.053493465,0.025815598,0.103963623,0.024492322,377.9051046,587.1815118,28522.27508,0.04,3.00537852,0.040816203,0.032787093,0.108432936,0.002751326,302.8402413,710.6087778,358181.7129,0.04,2.966269711,0.030127035,0.035906652,0.091306062,0.000774464,275.2957368,933.1930703,1259296.505,0.04,2.942947158,0.022004919,0.035273409,0.077335015,0.000447163,273.3584988,1256.278764,2002710.968,0.04,2.92607086,0.016248743,0.033123478,0.063207859,0.000379966,269.0666681,1521.157554,2165544.94,0.04,2.931866695,0.01212374,0.024891516,0.04617343,0.011851568,306.6635169,1898.33701,47508.47893
0.08,3.197083369,0.054763453,0.029165214,0.011395172,0.046559415,236.0811021,6634.54937,15302.48782,0.08,3.201829345,0.040168984,0.02492314,0.002943128,0.026819666,198.991269,15210.51159,10516.93497,0.08,3.195758144,0.029057411,0.024010393,0.002221077,0.020991771,221.2563804,35239.66615,18618.50174,0.08,3.189937122,0.020859047,0.021763174,0.000497922,0.015170032,239.7632435,149107.0431,21984.92021,0.08,3.18414569,0.015155886,0.019327701,0.001865133,0.011800186,253.4314269,35333.17969,38903.38291,0.08,3.179399585,0.011292314,0.017899751,0.000813214,0.008205872,245.9142719,82386.25475,45107.32166,0.08,3.185867761,0.050826627,0.026522722,0.062122817,0.008923711,367.8297564,982.6585575,78283.21224,0.08,3.155112762,0.038322923,0.033842496,0.051842595,0.001844431,293.3959423,1486.29512,534297.3924,0.08,3.140912099,0.027961524,0.037461002,0.040590481,0.000379513,263.8730368,2099.166641,2569818.173,0.08,3.136193973,0.020270428,0.020123017,0.048465166,0.000614759,479.1670173,2004.621983,1456730.771,0.08,3.128076043,0.014918437,0.006273742,0.054796032,0.00049329,1420.591487,1754.672889,1668051.316,0.08,3.131469378,0.009968578,0.008842637,0.039479661,0.000605704,863.2402506,2220.199701,929579.3588
0.12,3.324440116,0.047946492,0.025431914,1.70272e-07,0.037641799,270.7368301,444005438.5,18927.75884,0.12,3.333547984,0.034392929,0.018329147,3.4172e-08,0.016566314,270.5792763,1310034727.0,17026.15828,0.12,3.330754541,0.02438766,0.015554027,6.32834e-08,0.014714128,341.5483759,1236817723.0,26561.908,0.12,3.327489943,0.017384879,0.012708642,6.86926e-06,0.010113497,410.5874578,10808103.48,32976.91849,0.12,3.323817074,0.012683612,0.010915016,2.49148e-09,0.009789414,448.7622271,26450584721.0,46894.24049,0.12,3.321116317,0.009541556,0.009286188,1.83307e-09,0.006332487,474.0162702,36549479137.0,58451.74813,0.12,3.320677131,0.043557629,0.006485104,0.063019301,0.002445795,1504.346842,968.6797034,285623.5494,0.12,3.300537771,0.031595404,0.015471207,0.042150177,0.000857723,641.7890232,1828.068136,1148942.642,0.12,3.29417987,0.022304028,0.01557326,0.0307799,0.000688368,634.7385231,2768.241077,1416799.051,0.12,3.291276548,0.015867563,0.014953087,0.023475641,0.000123327,644.8358237,4138.516869,7261470.175,0.12,3.288344799,0.011610191,0.012688691,0.01961,0.000560332,702.3911075,4903.065438,1468475.476,0.12,3.284960595,0.00878032,0.009970381,0.017908852,0.000572712,765.5996474,4894.38025,983129.8121
0.16,3.380849609,0.043281119,0.017564058,0.010134152,0.037928244,392.0139629,7460.104275,18784.81097,0.16,3.392113429,0.03056978,0.014879344,0.000985351,0.024338212,333.313568,45432.02876,11589.21135,0.16,3.39133296,0.021465244,0.013720504,0.000969056,0.021531429,387.190782,80769.34028,18151.85279,0.16,3.389911063,0.015299256,0.011778904,5.3748e-07,0.017098668,442.99617,138132962.6,19505.14255,0.16,3.388021204,0.011226628,0.009940473,0.002091197,0.014194727,492.7579433,31513.563,32340.6816,0.16,3.38684908,0.0085128,0.009371375,0.000847553,0.01110965,469.7074128,79048.37004,33317.42491,0.16,3.383611514,0.040069629,0.013270944,0.035972052,0.01804468,735.128318,1697.026273,38713.72409,0.16,3.379787669,0.028584734,0.013663672,0.029118556,0.011336336,726.6897736,2646.195694,86930.60861,0.16,3.378068111,0.020044507,0.012482339,0.022505004,0.009168486,791.9147582,3786.099457,106373.0123,0.16,3.376357079,0.014286999,0.010686283,0.019493677,0.003624241,902.3049338,4983.88966,247096.9306,0.16,3.374809969,0.010515556,0.008624733,0.017610156,0.001418639,1033.356538,5459.867057,580015.9606,0.16,3.373366059,0.008007836,0.007178872,0.01544102,0.002150121,1063.303584,5676.615129,261868.9948
0.2,3.419198519,0.039831868,0.014820502,0.01712147,0.029958864,464.5831834,4415.615812,23781.77204,0.2,3.430029699,0.027826173,0.010988013,0.008020715,0.020977054,451.3543209,5581.357036,13446.15373,0.2,3.429667128,0.019447172,0.011657804,0.006265591,0.017189728,455.6992747,12492.03749,22736.56203,0.2,3.428398141,0.013890524,0.010118482,0.004138691,0.014487776,515.6908942,17938.92792,23020.23107,0.2,3.426795317,0.010249482,0.008093735,0.005884223,0.012377628,605.1899103,11199.62217,37088.45733,0.2,3.425851403,0.007821975,0.007523184,0.004690025,0.00996633,585.0985228,14285.1399,37139.54159,0.2,3.422010365,0.037318748,0.015189436,0.027717691,0.01894738,642.2783968,2202.402668,36869.30566,0.2,3.419220361,0.026337409,0.015491359,0.01909956,0.021465737,640.9541763,4034.30211,45909.18855,0.2,3.418176548,0.018412215,0.013029331,0.01459002,0.018716327,758.6689032,5840.032034,52108.48526,0.2,3.417371053,0.01316267,0.011087517,0.011802877,0.015230032,869.6524454,8231.411639,58800.84541,0.2,3.416147919,0.009739448,0.008827309,0.01079675,0.011132944,1009.642242,8905.375452,73909.7454,0.2,3.414868885,0.007458875,0.007503273,0.008838409,0.008816621,1017.332053,9917.251993,63862.32783
0.24,3.463519121,0.037162131,0.014792441,0.0184416,0.023605352,465.4644789,4099.52678,30182.76909,0.24,3.473815009,0.025756773,0.009170831,0.011895091,0.016182375,540.7892724,3763.441162,17430.11736,0.24,3.473638308,0.017965587,0.010429596,0.009213476,0.011532134,509.3632402,8495.165569,33890.97914,0.24,3.472323788,0.012869351,0.008563845,0.00721005,0.009363633,609.3067855,10297.2482,35617.79513,0.24,3.470834,0.009542974,0.006573951,0.007851424,0.00787004,745.0994312,8393.519556,58330.98048,0.24,3.469839815,0.007321289,0.005927089,0.006707858,0.006089924,742.6586609,9987.938424,60779.89104,0.24,3.466648498,0.035155208,0.012965456,0.029104409,0.020357601,752.4491416,2097.466306,34315.279,0.24,3.461330022,0.024594624,0.014094204,0.019847975,0.016145598,704.4917783,3882.1793,61036.73436,0.24,3.459445312,0.017174949,0.01204703,0.014692935,0.011999536,820.5299164,5799.12611,81276.43271,0.24,3.458276852,0.01231884,0.010257498,0.011636222,0.008315822,940.0231887,8349.302773,107690.9556,0.24,3.457212599,0.009157783,0.008316583,0.009967655,0.006291733,1071.644974,9646.111433,130780.0459,0.24,3.455998857,0.007046408,0.006864489,0.008406009,0.00481755,1112.001101,10427.38966,116874.75
0.28,3.509563353,0.035024293,0.016564944,0.013134244,0.028018591,415.6582756,5756.085419,25428.64744,0.28,3.52051742,0.024141088,0.011261584,0.007759451,0.017211815,440.3898624,5769.28435,16387.62018,0.28,3.520541049,0.016831113,0.011362512,0.006326365,0.013143725,467.5420815,12372.03395,29735.50613,0.28,3.519475959,0.012093617,0.009344758,0.004912104,0.010390922,558.3889035,15114.43594,32096.47423,0.28,3.518152246,0.009006671,0.007278791,0.005993112,0.008617112,672.9478478,10996.13579,53273.8993,0.28,3.517325789,0.006940223,0.006567633,0.004951937,0.00665175,670.2268727,13529.58721,55646.24327,0.28,3.514412932,0.033420057,0.013581838,0.027300217,0.025171902,718.3009162,2236.081755,27752.24369,0.28,3.50953216,0.023215538,0.014136143,0.018739757,0.019794427,702.4017115,4111.760805,49785.45624,0.28,3.507502278,0.016209364,0.012045291,0.014043484,0.014263513,820.6483879,6067.311047,68375.82628,0.28,3.506213165,0.011662948,0.010344179,0.011281886,0.009450461,932.1460741,8611.532941,94761.38074,0.28,3.50509087,0.008705305,0.008552147,0.009697924,0.006772784,1042.127107,9914.401648,121491.1158,0.28,3.503855354,0.006724608,0.007200172,0.008182861,0.004890384,1060.158055,10711.74632,115134.1039
0.32,3.547890797,0.033279143,0.016925412,0.008676534,0.02962806,406.8058027,8713.368176,24047.30131,0.32,3.559464054,0.022847208,0.012667254,0.003216769,0.017991157,391.5203202,13916.59831,15677.73994,0.32,3.559742034,0.015935145,0.011684779,0.002937744,0.015140861,454.6472538,26642.89414,25813.28211,0.32,3.559001182,0.011484452,0.009664182,0.002176273,0.011978206,539.9328394,34115.05775,27843.23178,0.32,3.557940086,0.008585494,0.007561307,0.004070496,0.009706411,647.8042948,16189.93661,47295.25133,0.32,3.557383074,0.006640191,0.006817107,0.003330447,0.00747734,645.6997535,20116.71762,49502.21521,0.32,3.553389669,0.032075948,0.012535433,0.028004151,0.028744184,778.2616167,2179.873905,24303.23811,0.32,3.55159199,0.022123515,0.012799887,0.020876193,0.021554065,775.7295888,3690.969709,45721.05547,0.32,3.550101349,0.01544067,0.010731916,0.016536193,0.014125389,921.0795132,5152.708532,69044.43069,0.32,3.548982355,0.011140212,0.009223063,0.013768895,0.008492598,1045.453803,7056.0738,105449.329,0.32,3.548045979,0.008343897,0.007531567,0.012093265,0.005610727,1183.34262,7950.632882,146653.5593,0.32,3.547062862,0.006466807,0.006229232,0.010475927,0.004009985,1225.403002,8367.061997,140411.9837
0.36,3.57819403,0.03180096,0.014249014,0.011280975,0.023248464,483.2162928,6701.710889,30646.1057,0.36,3.589827011,0.021783929,0.010445555,0.005151573,0.015084414,474.7940219,8689.865527,18698.81672,0.36,3.590455233,0.015209881,0.010446209,0.003365252,0.013051426,508.5531784,23258.28724,29945.79494,0.36,3.5898726,0.010993737,0.008755385,0.002068767,0.010972247,595.9771284,35887.88133,30395.95603,0.36,3.588983401,0.008246307,0.006874092,0.003625273,0.009339196,712.5663895,18178.23936,49154.88818,0.36,3.588582191,0.006398114,0.006161757,0.002955533,0.007444506,714.374878,22668.55893,49720.54742,0.36,3.582870464,0.031047165,0.011646029,0.027965136,0.026225369,837.6972316,2182.91507,26637.44279,0.36,3.583179425,0.021293491,0.01210269,0.020159618,0.022042851,820.4168911,3822.165567,44707.21923,0.36,3.582655229,0.014846026,0.010075808,0.015746836,0.015536396,981.0576714,5411.003645,62773.85319,0.36,3.581927022,0.010727748,0.008563219,0.013048301,0.009760616,1126.011851,7445.746412,91750.22656,0.36,3.581251289,0.008054352,0.006894713,0.011478559,0.006597351,1292.646058,8376.409578,124721.7336,0.36,3.580477205,0.006258137,0.005648068,0.009899383,0.004701868,1351.49213,8854.362842,119750.2721
0.4,3.603807954,0.030412973,0.011931869,0.016100928,0.017118354,577.0559295,4695.495217,41620.52463,0.4,3.615578376,0.020842811,0.007417441,0.009903166,0.012157849,668.6250643,4520.420511,23199.88459,0.4,3.61675637,0.014591388,0.008480761,0.007161134,0.008752256,626.4122894,10929.83258,44655.38158,0.4,3.616347645,0.01058326,0.007033022,0.005214657,0.007465575,741.9298472,14237.5009,44673.31338,0.4,3.615682382,0.007965133,0.005513661,0.005539993,0.006636711,888.3837939,11895.51667,69170.88054,0.4,3.61538293,0.006198067,0.005019103,0.004561167,0.005369529,877.0100909,14688.7126,68934.33273,0.4,3.608768028,0.030201821,0.0112681,0.027259976,0.022075757,865.7933913,2239.382629,31644.52125,0.4,3.60932831,0.020657192,0.011799015,0.018983681,0.0185373,841.53222,4058.928075,53161.71069,0.4,3.609088022,0.014395413,0.009796032,0.014387781,0.013395464,1009.076752,5922.121171,72806.69287,0.4,3.608669234,0.010411145,0.008266914,0.011594338,0.008855645,1166.370745,8379.464228,101126.3233,0.4,3.608273293,0.007828088,0.006644132,0.009977164,0.006346718,1341.397807,9636.918084,129647.014,0.4,3.607744308,0.006092315,0.005438809,0.008499615,0.004629564,1403.49114,10312.55294,121620.5123
0.44,3.628261846,0.02912297,0.011142391,0.020373977,0.014454358,617.9424289,3710.705703,49291.35522,0.44,3.640551626,0.019967835,0.005929155,0.013745031,0.011256226,836.4576651,3256.920656,25058.19298,0.44,3.642123013,0.014027395,0.007606434,0.010486186,0.006403931,698.4156331,7464.105321,61030.53501,0.44,3.641848906,0.01021708,0.006072746,0.008217241,0.005267362,859.2503809,9035.110128,63316.69466,0.44,3.641399046,0.007719023,0.004559022,0.007884896,0.004575085,1074.407289,8357.887574,100340.6918,0.44,3.641219795,0.006025458,0.004137509,0.006728453,0.003494106,1063.877822,9957.366046,105934.082,0.44,3.633923689,0.02942093,0.011467497,0.025992262,0.017784614,850.7389664,2348.603522,39279.83731,0.44,3.634444922,0.020104811,0.011919153,0.017547087,0.014707676,833.0500417,4391.23573,67004.10111,0.44,3.634268354,0.014019949,0.009875206,0.012954261,0.010560184,1000.986502,6577.464017,92354.39548,0.44,3.633952483,0.010154001,0.008289704,0.010175163,0.006946219,1163.164111,9548.184664,128924.6429,0.44,3.633679086,0.007646295,0.006671173,0.008600441,0.00504562,1335.960653,11179.55607,163078.7005,0.44,3.633297931,0.00595908,0.005469999,0.007274679,0.003675479,1395.488239,12049.01621,153190.8987
0.48,3.654294307,0.028136845,0.010895203,0.024360637,0.014823328,631.9621745,3103.442249,48064.43596,0.48,3.668823677,0.019262604,0.005780729,0.016157764,0.009702823,857.9346345,2770.586203,29069.96218,0.48,3.66995299,0.013557621,0.007609732,0.013214012,0.00612142,698.1129708,5923.257789,63847.16346,0.48,3.66996154,0.009905674,0.006522615,0.009208551,0.004585687,799.9872912,8062.470898,72728.89094,0.48,3.669441253,0.007507458,0.004926914,0.008662114,0.004037157,994.1814966,7607.967121,113710.5105,0.48,3.669298688,0.005876591,0.004130662,0.008039227,0.00244464,1065.641311,8333.845012,151410.7911,0.48,3.660540189,0.028579717,0.012463935,0.024025065,0.014335875,782.7260396,2540.909568,48729.27086,0.48,3.661069486,0.019544455,0.012645396,0.015660508,0.011873791,785.2067851,4920.236084,82995.78314,0.48,3.660952038,0.013654187,0.010461771,0.011210948,0.008565385,944.8637651,7600.265729,113862.8878,0.48,3.660698906,0.009911845,0.008742036,0.008562775,0.005653562,1102.979486,11346.12686,158402.5804,0.48,3.6604956,0.007479984,0.007102566,0.007058372,0.004205927,1254.817513,13621.99565,195636.5387,0.48,3.660183408,0.005839907,0.005885909,0.005899486,0.003021667,1296.880365,14857.68847,186337.5327
0.52,3.686602445,0.027531142,0.011112544,0.026020454,0.012565973,619.6021122,2905.477021,56698.74187,0.52,3.702710606,0.018810998,0.005709335,0.018415077,0.012028884,868.6628542,2430.968699,23448.6158,0.52,3.704688686,0.013239341,0.008586828,0.013740234,0.006547539,618.6746038,5696.409705,59691.94046,0.52,3.704148026,0.009683218,0.006599457,0.011556427,0.004571902,790.6724501,6424.449063,72948.18714,0.52,3.7035141,0.007349482,0.004872953,0.010808845,0.003848734,1005.190704,6096.958119,119277.4523,0.52,3.703227142,0.005761499,0.004460053,0.009312937,0.002839604,986.9398427,7194.043038,130350.8936,0.52,3.691720563,0.027606948,0.014678737,0.020972812,0.012615742,664.6243807,2910.697794,55373.41831,0.52,3.692309474,0.018902535,0.014149057,0.01337755,0.010541368,701.7606093,5759.903465,93486.39948,0.52,3.692293175,0.013253542,0.011735097,0.009165985,0.007904923,842.3405372,9295.911754,123376.2154,0.52,3.692121655,0.009658111,0.009853095,0.006624099,0.005601922,978.60485,14666.79912,159862.7827,0.52,3.691961738,0.007312673,0.00817117,0.005180329,0.004429586,1090.715748,18560.42582,185758.4481,0.52,3.69165173,0.005724294,0.006931108,0.004129893,0.003165426,1101.313058,21223.97151,177874.9197
0.56,3.727159058,0.027160009,0.012544662,0.025480817,0.017980898,548.8674093,2967.009689,39623.98756,0.56,3.746854725,0.018529198,0.006448876,0.018124248,0.01454011,769.0467729,2469.977122,19398.80034,0.56,3.749139553,0.013033248,0.008825676,0.014824813,0.007667719,601.9315206,5279.661835,50971.52329,0.56,3.748341966,0.009533466,0.007115204,0.011926208,0.006074339,733.3604804,6225.254158,54905.06384,0.56,3.747536589,0.007238952,0.005371022,0.011224506,0.00505953,911.9766784,5871.178291,90733.16558,0.56,3.747150972,0.005677954,0.005277782,0.009026294,0.004304094,834.0253704,7422.499853,85998.33001,0.56,3.73343496,0.026856492,0.015938541,0.018982832,0.014406215,612.0915488,3215.82769,48491.3468,0.56,3.733197106,0.018376468,0.015621137,0.011346457,0.013150622,635.6292171,6790.965215,74937.48724,0.56,3.733176369,0.012923574,0.013229079,0.007200092,0.010695021,747.2136398,11834.04141,91190.04588,0.56,3.733082443,0.009449167,0.011237118,0.004742493,0.008345087,858.0746422,20485.92051,107313.2943,0.56,3.732934938,0.007174802,0.009492418,0.003401598,0.006803605,938.8992257,28265.86923,120940.7408,0.56,3.732533561,0.00562895,0.008243305,0.002336242,0.004788684,926.0023413,37518.68818,117579.2615
0.6,3.786022449,0.026778758,0.017970165,0.014391415,0.018211753,383.1548513,5253.259124,39121.70768,0.6,3.807101334,0.018258434,0.01151232,0.010344116,0.011388794,430.7982316,4327.723761,24766.51177,0.6,3.809671772,0.01284443,0.011501922,0.00942736,0.00460318,461.8751947,8302.430317,84905.50251,0.6,3.809116817,0.009400173,0.00984449,0.007562313,0.002447173,530.0436181,9817.588812,136284.572,0.6,3.808585726,0.007142536,0.008326529,0.006626869,0.001544918,588.269966,9944.526718,297146.5213,0.6,3.80833731,0.005606196,0.007673718,0.005478114,0.000787212,573.6208112,12230.06174,470197.4783,0.6,3.791096077,0.026500336,0.01550994,0.020943591,0.023535053,629.0060552,2914.7588,29682.39622,0.6,3.789831845,0.018087903,0.015164361,0.014505225,0.016673269,654.775451,5312.113054,59105.0627,0.6,3.789211813,0.012723624,0.012980011,0.010533376,0.009731432,761.5516367,8089.162091,100219.5248,0.6,3.788912161,0.009312855,0.01142707,0.00776879,0.005155154,843.8109032,12505.72318,173717.1603,0.6,3.788669305,0.00707953,0.009942065,0.00591792,0.003174426,896.4358735,16247.11213,259206.8527,0.6,3.788290706,0.00556013,0.008682378,0.004701361,0.001852632,879.1739006,18644.11829,303918.912
0.64,3.846379142,0.026326389,0.018761895,0.008302508,0.01028254,366.986168,9105.903002,69289.77576,0.64,3.865245468,0.017961132,0.013003798,0.005727018,0.006472331,381.3875917,7816.717144,43579.45733,0.64,3.867358872,0.012649871,0.01294719,0.001589818,0.006911496,410.3170333,49232.05011,56548.58686,0.64,3.866937118,0.009270101,0.010565327,0.000835712,0.005802759,493.8805297,88838.81052,57474.71867,0.64,3.86622007,0.007052548,0.00824041,0.001771938,0.006149874,594.4178771,37191.52628,74646.59092,0.64,3.866115424,0.005541533,0.008019797,0.000182604,0.005294648,548.8673062,366901.9417,69909.25916,0.64,3.844844345,0.026273486,0.016324374,0.020578596,0.030504026,597.6245267,2966.456881,22901.13338,0.64,3.847858158,0.017898156,0.015627762,0.015195854,0.030349394,635.3597424,5070.685516,32470.9807,0.64,3.849527286,0.012583276,0.013229562,0.012317865,0.023490365,747.1863691,6917.285031,41518.27561,0.64,3.85043408,0.009212945,0.011410632,0.010728717,0.016205795,845.0265181,9055.540596,55260.40244,0.64,3.850976348,0.007007728,0.009592088,0.00990177,0.01156912,929.1432893,9710.295895,71123.22209,0.64,3.850972455,0.005507284,0.008167955,0.008710129,0.007956579,934.5448107,10063.31062,70765.32851
0.68,3.885724044,0.025919561,0.014039162,0.016001011,0.00482271,490.4392284,4724.815985,147733.3096,0.68,3.902084609,0.01769381,0.008207186,0.011918801,0.006407418,604.2859306,3755.954852,44020.95845,0.68,3.904696433,0.012478664,0.009311251,0.008044813,0.003283473,570.5412209,9729.250846,119031.0627,0.68,3.904716878,0.00915836,0.007645595,0.005872807,0.002909008,682.4857285,12641.94159,114647.9833,0.68,3.904605767,0.006977085,0.006248594,0.005081713,0.002759322,783.8958328,12968.27896,166369.5308,0.68,3.904745066,0.00548847,0.005726157,0.003942249,0.00227085,768.718668,16994.78486,162998.3934,0.68,3.888159125,0.026173926,0.017282055,0.018694237,0.004592473,564.5073235,3265.472584,152113.4276,0.68,3.891513123,0.017820469,0.015406203,0.015221656,0.006608338,644.4969633,5062.090082,149125.9456,0.68,3.892875324,0.012526158,0.012748373,0.012731955,0.010753942,775.3889802,6692.309533,90690.41456,0.68,3.893450771,0.009171962,0.010991004,0.011035658,0.008527109,877.2889567,8803.674186,105022.5555,0.68,3.893835575,0.006977915,0.009206665,0.01002351,0.001197517,968.0404116,9592.359929,687115.797,0.68,3.893851636,0.005485027,0.007867838,0.008581378,0.000521201,970.1928215,10214.29573,1080294.167
0.72,3.919315055,0.025715019,0.013920954,0.017774029,0.005776998,494.6037238,4253.500067,123329.6131,0.72,3.935916044,0.0175374,0.007369434,0.014047429,0.006175035,672.9807182,3186.809166,45677.58532,0.72,3.938606547,0.012367392,0.009063746,0.00938307,0.003326065,586.1211,8341.619967,117506.8077,0.72,3.938668912,0.009079626,0.007114701,0.007469669,0.002826755,733.4122618,9939.35239,117984.0278,0.72,3.938682697,0.00692104,0.005459726,0.006884336,0.002480552,897.1598892,9572.612327,185066.5345,0.72,3.938869154,0.005448066,0.00486241,0.005817471,0.001941741,905.2720192,11516.63143,190625.2709,0.72,3.925553733,0.025970929,0.016698486,0.020661606,0.027183595,584.2353919,2954.538854,25698.46886,0.72,3.927814978,0.017673594,0.01433861,0.017768085,0.040107654,692.4835186,4336.618056,24570.73625,0.72,3.928160437,0.012430898,0.011523278,0.015245851,0.032163036,857.8243516,5588.811401,30322.991,0.72,3.928198442,0.009109669,0.009832126,0.013161101,0.020219602,980.6918423,7381.930737,44290.62285,0.72,3.928330726,0.006935024,0.008025389,0.011697226,0.011654248,1110.528547,8219.821712,70603.70432,0.72,3.928376157,0.005453898,0.006549688,0.010216736,0.003659302,1165.44781,8579.327785,153868.1135
0.76,3.954293579,0.025730944,0.014266784,0.018382621,0.00481276,482.614423,4112.679603,148038.7174,0.76,3.972968627,0.01753184,0.007729942,0.014313326,0.005178711,641.5943576,3127.608274,54465.42123,0.76,3.976235152,0.012351597,0.009341621,0.009545283,0.001911485,568.6864017,8199.861306,204466.8399,0.76,3.976277439,0.009059425,0.00737762,0.007544758,0.001632525,707.2754015,9840.431745,204292.1451,0.76,3.976302596,0.006899682,0.005722464,0.00673125,0.001450181,855.9682074,9790.317918,316558.5584,0.76,3.976540174,0.005428571,0.004926361,0.006054348,0.000594177,893.5203561,11066.0426,622954.4398,0.76,3.962695681,0.02580596,0.01453285,0.024193108,0.027798005,671.2961633,2523.260677,25130.46369,0.76,3.963855381,0.017569537,0.012871174,0.019822837,0.022626755,771.4331843,3887.102386,43553.50819,0.76,3.963990224,0.012369055,0.010782758,0.016056287,0.014768345,916.736541,5306.717673,66038.50856,0.76,3.964072156,0.009071096,0.00972255,0.012911758,0.008759619,991.7445371,7524.485553,102234.9016,0.76,3.964228496,0.006909267,0.008217713,0.010845998,0.005921643,1084.538284,8864.939382,138953.5089,0.76,3.96435986,0.005435593,0.006845814,0.009206008,0.004070994,1115.034597,9521.252717,138307.7356
0.8,3.995475349,0.026281454,0.014331941,0.017977528,0.003181816,480.4203311,4205.351893,223920.8273,0.8,4.016167193,0.017648165,0.007511362,0.015270775,0.00278663,660.2647136,2931.512988,101219.2818,0.8,4.01973017,0.012427968,0.009783045,0.008790204,0.000912016,543.026523,8904.23057,428540.1403,0.8,4.019761719,0.009106774,0.007784355,0.006735532,0.000777668,670.3200112,11022.68921,428861.4609,0.8,4.019831164,0.006924257,0.006051207,0.005922863,0.000327974,809.4661144,11126.55768,1399705.867,0.8,4.019955616,0.005438321,0.005525919,0.004533231,0.000580648,796.5741443,14779.2301,637468.5299,0.8,4.004296818,0.025697436,0.012504444,0.027243707,0.02014119,780.1903112,2240.719944,34683.98577,0.8,4.005184893,0.017507907,0.012705926,0.01974514,0.014014388,781.4661509,3902.398031,70318.77541,0.8,4.005494017,0.01233565,0.011194466,0.01471088,0.008475829,883.0210026,5792.052174,115065.9677,0.8,4.005715512,0.009051676,0.010191068,0.011031106,0.004590347,946.1507051,8807.306903,195091.7391,0.8,4.005932838,0.006897022,0.008639165,0.008759578,0.003250376,1031.630251,10976.45508,253150.1044,0.8,4.006084355,0.005427494,0.007098979,0.007441851,0.002101885,1075.270163,11778.35052,267878.5585
0.84,4.038023414,0.027106071,0.012499201,0.019418773,0.008198387,550.8636737,3893.234147,86904.28032,0.84,4.055680141,0.018380169,0.009467337,0.01095498,0.006537221,523.8524096,4086.404195,43146.87926,0.84,4.062780572,0.012695653,0.010343472,0.006134799,0.002790669,513.6044162,12758.36345,140050.749,0.84,4.062890859,0.009276089,0.008332132,0.003889818,0.002447975,626.251365,19086.67288,136239.9204,0.84,4.062978809,0.007023552,0.006753779,0.002905936,0.002319021,725.2601607,22678.08648,197957.3088,0.84,4.063348307,0.00549327,0.006071469,0.001781426,0.001631031,724.9982509,37609.01495,226939.1824,0.84,4.049388385,0.025680344,0.011713626,0.027700822,0.011964106,832.8630747,2203.743861,58389.38413,0.84,4.05035009,0.017510695,0.012675675,0.0188459,0.006058657,783.3311289,4088.602621,162655.6202,0.84,4.05069272,0.012343781,0.011157085,0.013619651,0.00254151,885.9794599,6256.121113,383740.1528,0.84,4.050909807,0.009058822,0.009967597,0.010045235,0.000332204,967.3631902,9671.68424,2695750.105,0.84,4.051145412,0.006902576,0.008359853,0.007902336,7.03791e-05,1066.098201,12167.17617,11691448.39,0.84,4.051286106,0.005432348,0.006908264,0.006645592,2.90563e-05,1104.9548,13189.60452,19377887.83
0.88,4.079273906,0.027487175,0.009176182,0.011197947,0.015523453,750.3508093,6751.401300000001,45896.67482999998,0.88,4.084752017,0.019053984,0.010068911,0.008148118,0.011052911,492.5544921,5494.088212,25519.13048,0.88,4.084803701,0.013513198,0.011861563,0.005353107,0.008880704,447.8712358,14621.41499,44009.49943,0.88,4.090779632,0.009561911,0.006732447,0.008419186,0.001526568,775.0538736,8818.391552,218471.6871,0.88,4.091017368,0.007196571,0.004887114,0.006490242,0.00218606,1002.277949,10153.87096,209997.5413,0.88,4.091486898,0.005597414,0.004326015,0.004434212,0.002227866,1017.519427,15109.26109,166143.2448,0.88,4.083554726,0.025830974,0.010848632,0.02670097,0.012275697,899.2697608,2286.265927,56907.29921,0.88,4.084565168,0.017622151,0.011788754,0.018038867,0.007168212,842.264702,4271.520889,137478.4414,0.88,4.084921954,0.012419447,0.010082815,0.013290344,0.003841403,980.3758895,6411.134535,253886.2604,0.88,4.08518751,0.009109559,0.008750053,0.010199937,0.001387089,1101.968922,9524.993802,645624.7699,0.88,4.085539705,0.006937925,0.007088005,0.008461413,0.000672366,1257.395304,11363.24485,1223787.868,0.88,4.085795691,0.005458734,0.005700026,0.00728857,0.000484107,1339.172883,12026.05312,1163070.422
0.92,4.120524398,0.0272616239620252,0.005853163,0.011197947,0.015523453,1017.1906660993247,10233.80394500001,577756.6250642088,0.92,4.0993503,0.019406273,0.010149597,0.002413775,0.010694315,488.6388279,18546.25027,26374.826,0.92,4.102417751,0.013716902,0.010267434,0.012380684,0.002721161,517.4080214,6321.944934000001,143628.12610000002,0.92,4.10668324,0.010012804,0.007354535,0.01311133,0.001284084,709.4954349,5662.558875,259727.5359,0.92,4.109650436,0.007505887,0.004440465,0.012827011,1.63971e-05,1103.093195,5137.679969,27996860.87,0.92,4.110210072,0.005815068,0.003630552,0.011874136,0.000232503,1212.433812,5642.319675,1592001.9,0.92,4.100705384,0.026771288,0.010476849,0.021579574,0.014843086,931.1813477,2828.856405,47064.11954,0.92,4.101978421,0.018271054,0.011718426,0.012662317,0.015297409,847.3195252,6085.252544,64421.01391,0.92,4.102587725,0.012840248,0.010244016,0.008198872,0.013404154,964.9485851,10392.42797,72759.49598,0.92,4.103071944,0.009382784,0.008925699,0.005555772,0.011108649,1080.283556,17487.09942,80616.35446,0.92,4.103599323,0.007119972,0.007552226,0.004179222,0.009580903,1180.105639,23006.4643,85882.62047,0.92,4.104055829,0.005584016,0.006616201,0.00301498,0.007089518,1153.731586,29072.40611,79420.06572
0.96,4.161774889999999,0.0259399917721512,0.002530144,0.011197947,0.015523453,1166.3100286959489,6702.293861000061,2159342.745256828,0.96,4.113948583000001,0.0193362869836468,0.0102302829999999,0.002413775,0.010694315,494.296141246376,33865.621195867985,26374.826,0.96,4.120031801,0.0133506702732027,0.008673305,0.012380684,0.002721161,718.4111677999992,6321.944934,144479.65541654328,0.96,4.131986068,0.010159344,0.009563768,0.011457233,0.004953314,545.6018387,6480.070177,67331.06828,0.96,4.137833034,0.007611217,0.005595004,0.014341311,0.001373753,875.467947,4595.19217,334170.1634999998,0.96,4.142422493,0.005892783,0.003805862,0.014237877,0.000251202,1156.585291,4705.593964,1473494.203,0.96,4.120943611,0.028766035,0.010929016,0.013660441,0.006708753,892.6555463,4468.780907,104129.1464,0.96,4.123187035,0.019694337,0.010725392,0.009059083,0.003984481,925.7704449,8505.650402,247328.2356,0.96,4.124484715,0.013781317,0.009252989,0.006751572,0.002250993,1068.297884,12620.19915,433266.3921,0.96,4.125424052,0.009999551,0.008123039,0.005508988,0.000847179,1187.029406,17635.60584,1057083.649,0.96,4.126208734,0.007531975,0.007219828,0.004428804,0.001146045,1234.437153,21709.95055,717976.1801,0.96,4.126729536,0.005867112,0.006697918,0.003260194,0.000977964,1139.655649,26885.74199,575736.8262
1.0,4.203025382,0.0230328523164537,0.002530144,0.011197947,0.015523453,1012.635681687848,6702.29386100006,5267513.649642075,1.0,4.128546866000001,0.0185417789018813,0.010310969,0.002413775,0.010694315,514.7513795782558,23320.393470208128,26374.826,1.0,4.137645850999999,0.0119269196392163,0.007079176,0.012380684,0.002721161,1039.4698593999983,6321.944934,144479.655416543,1.0,4.157288896,0.0098690290722675,0.011773001,0.011457233,0.004953314,325.51611155787765,12202.649291000029,67331.06828,1.0,4.166015632,0.0074122096443954,0.006749543,0.014341311,0.001373753,446.2122070000005,5349.451883285316,334170.1635,1.0,4.174634913999999,0.0057642591387383,0.003981172,0.014237877,0.000251202,765.645643999999,5979.683432229646,1473494.203,1.0,4.192065517,0.030225035,5.41473e-07,4.34131e-07,0.025429403,18017234.94,140615290.20000002,27471.22123000001,1.0,4.194321549,0.020755507,5.157e-07,3.62196e-07,0.020237,19253941.460000005,212739657.1,48696.67404000004,1.0,4.195761166,0.014491949,9.87157e-08,6.7617e-08,0.014157151,100135475.29999998,1260128976.9999998,68889.5290199999,1.0,4.196701723,0.010469692,0.010951489,0.012901118,0.009020352,880.4543953,7530.691298999998,99279.79843000008,1.0,4.197332773,0.007848775,0.008350422,0.011129175,0.00614312,1067.302289,8639.374748,133943.83810000005,1.0,4.197767068,0.006086683,4.8047e-07,3.81756e-07,0.004812175,15887189.54,229604266.2,117005.3061
